<?xml version="1.0" encoding="UTF-8" standalone="yes"?>
<addon id="plugin.program.indigo" version="9.9.9" name="Indigo" provider-name="tvaddons">
	<requires>
		<import addon="xbmc.python" version="2.1.0"/>
	</requires>
    <extension point="xbmc.addon.metadata">
        <summary lang="en">Falso Indigo, NO DESINSTALAR</summary>
        <description lang="en">Falso Indigo para evitar que el URL Resolver lo instale en cada actualización.</description>
        <disclaimer lang="en">Falso Indigo, NO DESINSTALAR</disclaimer>
        <language>en</language>
        <platform>all</platform>
        <forum>https://www.tvaddons.co/forums</forum>
        <website>https://www.tvaddons.co</website>
        <source>https://github.com/tvaddonsco/plugin.program.indigo</source>
    </extension>
</addon>
