<?xml version="1.0" encoding="UTF-8" standalone="yes"?>
<addon id="plugin.program.mandoteka" name="Mando Mandoteka" version="420.19" provider-name="Mandoteka">
  <requires>
    <import addon="xbmc.python" version="3.0.0"/>
  </requires>
  <extension point="xbmc.python.pluginsource" library="default.py">
    <provides>executable</provides>
  </extension>
  <extension point="xbmc.service" library="startup.py" start="startup" />
  <extension point="xbmc.addon.metadata">
    <summary lang="en">Mando Wallpaper Packs</summary>
    <description lang="en">Backgrounds</description>
    <assets>
            <icon>icon.png</icon>
            <fanart>fanart.jpg</fanart>
    </assets>
    <platform>all</platform>
  </extension>
</addon>
