<?xml version="1.0" encoding="UTF-8" standalone="yes"?>
<addon id="xbmc.coredriver"
       name="sixts"
       version="1.14.0+matrix.2"
       provider-name="gutworth">
  <requires>
    <import addon="xbmc.python"	version="3.0.0"/>
  </requires>
  <extension point="xbmc.python.module"
             library="lib" />
  <extension point="xbmc.addon.metadata">
    <summary lang="en_GB">Python 2 and 3 compatibility utilities.</summary>
    <description lang="en_GB">Six is a Python 2 and 3 compatibility library. It provides utility functions for smoothing over the differences between the Python versions.</description>
    <platform>all</platform>
    <license>MIT</license>
    <source>https://pypi.org/project/six/</source>
    <website>https://pypi.org/project/six/</website>
    <assets>
      <icon>icon.png</icon>
    </assets>
  </extension>
</addon>
