{
    "addon_version": "2.2.4",
    "files": {
        "0": [
            "channels",
            "anibox.py"
        ],
        "1": [
            "channels",
            "animeflv.py"
        ],
        "10": [
            "channels",
            "homecine.py"
        ],
        "11": [
            "channels",
            "megaserie.py"
        ],
        "12": [
            "channels",
            "mejortorrentla.json"
        ],
        "13": [
            "channels",
            "mejortorrentla.py"
        ],
        "14": [
            "channels",
            "newpct1.py"
        ],
        "15": [
            "channels",
            "movidytv.json"
        ],
        "16": [
            "channels",
            "movidytv.py"
        ],
        "17": [
            "channels",
            "pelisencastellano.json"
        ],
        "18": [
            "channels",
            "pelispedia2.py"
        ],
        "19": [
            "channels",
            "pelispedia2.json"
        ],
        "2": [
            "channels",
            "animeonline.py"
        ],
        "20": [
            "channels",
            "pelispediaio.json"
        ],
        "21": [
            "channels",
            "pelispediaio.py"
        ],
        "22": [
            "channels",
            "pelisplus.py"
        ],
        "23": [
            "channels",
            "seodiv.py"
        ],
        "24": [
            "channels",
            "seriesflix3.json"
        ],
        "25": [
            "channels",
            "seriesflix3.py"
        ],
        "26": [
            "channels",
            "serieskao.py"
        ],
        "27": [
            "channels",
            "subtorrents.py"
        ],
        "28": [
            "channels",
            "verpeliculasgratis.json"
        ],
        "29": [
            "core",
            "servertools.py"
        ],
        "3": [
            "channels",
            "cinecalidad.py"
        ],
        "30": [
            "lib",
            "decrypters.py"
        ],
        "31": [
            "servers",
            "streamlare.py"
        ],
        "32": [
            "servers",
            "streamsb.json"
        ],
        "33": [
            "modules",
            "generos.py"
        ],
        "34": [
            "modules",
            "proxysearch.py"
        ],
        "35": [
            "modules",
            "search.py"
        ],
        "36": [
            "modules",
            "tracking.py"
        ],
        "37": [
            "version.txt"
        ],
        "38": [
            "resources",
            "media",
            "channels",
            "thumb",
            "pelispediaio.jpg"
        ],
        "39": [
            "channels",
            "inkapelis.py"
        ],
        "4": [
            "channels",
            "dontorrents.py"
        ],
        "40": [
            "channels",
            "inkapelis.json"
        ],
        "41": [
            "channels",
            "repelis24.py"
        ],
        "42": [
            "channels",
            "repelis24.json"
        ],
        "43": [
            "channels",
            "repelishd.py"
        ],
        "44": [
            "channels",
            "repelishd.json"
        ],
        "45": [
            "servers",
            "streamtape.json"
        ],
        "46": [
            "channels",
            "gnula24.py"
        ],
        "47": [
            "channels",
            "grantorrent.py"
        ],
        "48": [
            "channels",
            "grantorrent.json"
        ],
        "49": [
            "channels",
            "megadede2.json"
        ],
        "5": [
            "channels",
            "estrenoscinesaa.py"
        ],
        "50": [
            "channels",
            "pelismaraton.py"
        ],
        "51": [
            "channels",
            "pelismaraton.json"
        ],
        "52": [
            "channels",
            "cuevana3.py"
        ],
        "53": [
            "channels",
            "mega1link.py"
        ],
        "54": [
            "channels",
            "vimeo.py"
        ],
        "55": [
            "channels",
            "dailymotion.py"
        ],
        "56": [
            "channels",
            "megaup.json"
        ],
        "57": [
            "channels",
            "cuevana3video.py"
        ],
        "58": [
            "channels",
            "elitetorrent.py"
        ],
        "59": [
            "channels",
            "espapelis.py"
        ],
        "6": [
            "channels",
            "gnula.py"
        ],
        "60": [
            "channels",
            "gnula.json"
        ],
        "61": [
            "channels",
            "hdfullse.py"
        ],
        "62": [
            "channels",
            "mejortorrents.py"
        ],
        "63": [
            "channels",
            "peliculasflix.json"
        ],
        "64": [
            "channels",
            "playdede.py"
        ],
        "65": [
            "channels",
            "todotorrents.py"
        ],
        "66": [
            "channels",
            "torrentdivx.py"
        ],
        "7": [
            "channels",
            "grantorrents.json"
        ],
        "8": [
            "channels",
            "grantorrents.py"
        ],
        "9": [
            "channels",
            "hdfull.py"
        ]
    },
    "fix_version": 5,
    "hash": "87c982960677e57b7571d04cfe0e0356"
}