<?xml version="1.0" encoding="utf-8"?>
<window id="5111">
    <defaultcontrol>9000</defaultcontrol>
    <controls>
		<control type="image">
			<centerleft>50%</centerleft>
			<top>0</top>
			<width>325</width>
			<height>325</height>
			<texture background="true">special://skin/resources/icon.png</texture>
		</control>	
		<control type="group">
			<centerleft>50%</centerleft>
			<top>200</top>
			<height>1000</height>
			<width>1400</width>
			<control type="textbox">
				<top>120</top>
				<width>1400</width>
				<height>500</height>
				<shadowcolor>black</shadowcolor>
				<pagecontrol>3000</pagecontrol>
				<font>font13</font>
				<align>center</align>
				<label>Este es el primer inicio del Skin.
Elige entre uno de los 3 Inicios, luego podrás cambiarlo si quieres, desde Ajustes de skin.</label>
			</control>
			<control type="grouplist" id="9000">
				<orientation>vertical</orientation>
				<left>100</left>
				<itemgap>10</itemgap>
				<top>460</top>
				<width>1200</width>
				<align>center</align>
				<font>font14</font>
				<control type="radiobutton" id="305">
					<height>60</height>
					<width>1200</width>
					<font>font14</font>
					<include>settings-submenu-common</include>
					<label>[B]Inicio Cristal Azul[/B] - [I]Items predifinidos, se pueden agregar más[/I]</label>
					<textwidth>1000</textwidth>
					<onclick>Skin.SetBool(homemenu-icon)</onclick>
					<onclick>ReloadSkin()</onclick>
					<onclick>Skin.Reset(homemenu-custom)</onclick>
					<onclick>Skin.Reset(homemenu-stva)</onclick>
					<selected>Skin.HasSetting(homemenu-icon)</selected>
					<radioposx>1125</radioposx>
					<radiowidth>30</radiowidth>
					<radioheight>30</radioheight>
					<onfocus>SetProperty(Image_Preview,special://skin/resources/screenshot001.jpg)</onfocus>
				</control>
				<control type="radiobutton" id="306">
					<font>font14</font>
					<height>60</height>
					<width>1200</width>
					<include>settings-submenu-common</include>
					<label>[B]Inicio STVA[/B] - [I]Items predifinidos, se pueden agregar más[/I]</label>
					<textwidth>1000</textwidth>
					<onclick>Skin.SetBool(homemenu-stva)</onclick>
					<onclick>ReloadSkin()</onclick>
					<onclick>Skin.Reset(homemenu-icon)</onclick>
					<onclick>Skin.Reset(homemenu-custom)</onclick>
					<selected>Skin.HasSetting(homemenu-stva)</selected>
					<radioposx>1125</radioposx>
					<radiowidth>30</radiowidth>
					<radioheight>30</radioheight>
					<onfocus>SetProperty(Image_Preview,special://skin/resources/screenshot002.jpg)</onfocus>
				</control>
				<control type="radiobutton" id="307">
					<font>font14</font>
					<height>60</height>
					<width>1200</width>
					<include>settings-submenu-common</include>
					<label>[B]Inicio Personal[/B] - [I]Por defecto sin items, para añadir los tuyos[/I]</label>
					<textwidth>1000</textwidth>
					<onclick>Skin.SetBool(homemenu-custom)</onclick>
					<onclick>ReloadSkin()</onclick>
					<onclick>Skin.Reset(homemenu-icon)</onclick>
					<onclick>Skin.Reset(homemenu-stva)</onclick>
					<selected>Skin.HasSetting(homemenu-custom)</selected>
					<radioposx>1125</radioposx>
					<radiowidth>30</radiowidth>
					<radioheight>30</radioheight>
					<onfocus>SetProperty(Image_Preview,special://skin/resources/custom.jpg)</onfocus>
				</control>
				<control type="button" id="308">
					<top>70</top>
					<height>60</height>
					<label>Continuar</label>
					<font>font14</font>
					<textoffsetx>30</textoffsetx>
					<onclick>Close</onclick>
					<onclick>ActivateWindow(1129)</onclick>
					<align>center</align>
				</control>
			</control>
			<control type="group">
				<left>100</left>
				<width>1200</width>
				<top>220</top>
				<height>360</height>
				<visible>Control.HasFocus(305) | Control.HasFocus(306) | Control.HasFocus(307)</visible>
				<control type="image">
					<aspectratio scalediffuse="false">keep</aspectratio>
					<texture background="true" fallback="special://skin/fanart.jpg" diffuse="diffuse/1117.png">$INFO[Window.Property(Image_Preview)]</texture>
				</control>
			</control>		
		</control>
	</controls>
</window>