<?xml version="1.0" encoding="utf-8"?>
<window>
	<defaultcontrol>20</defaultcontrol>
	<controls>
		<include>background</include>
		<control type="label">
			<!-- Screen heading -->
			<left>60</left>
			<top>75</top>
			<width>465</width>
			<height>48</height>
			<label>$LOCALIZE[10003]</label>
			<font>ctouch30w</font>
		</control>
		<control type="image">
			<left>519</left>
			<top>578</top>
			<width>885</width>
			<height>6</height>
			<texture>separator.png</texture>
			<colordiffuse>ProgressBarColor</colordiffuse>
			<animation effect="rotate" center="auto" end="-90" condition="true">Conditional</animation>
		</control>
		<control type="image">
			<left>0</left>
			<top>135</top>
			<width>100%</width>
			<height>6</height>
			<texture>separator.png</texture>
			<colordiffuse>ProgressBarColor</colordiffuse>
		</control>
		<control type="image">
			<left>0</left>
			<top>195</top>
			<width>100%</width>
			<height>6</height>
			<texture>separator.png</texture>
			<colordiffuse>ProgressBarColor</colordiffuse>
		</control>
		<control type="image">
			<left>0</left>
			<top>960</top>
			<width>100%</width>
			<height>6</height>
			<texture>separator.png</texture>
			<colordiffuse>ProgressBarColor</colordiffuse>
		</control>
		<control type="image">
			<left>0</left>
			<top>1020</top>
			<width>100%</width>
			<height>6</height>
			<texture>separator.png</texture>
			<colordiffuse>ProgressBarColor</colordiffuse>
		</control>
		<control type="list" id="20">
			<left>30</left>
			<top>207</top>
			<width>900</width>
			<height>748</height>
			<onleft>21</onleft>
			<onright>21</onright>
			<onup>20</onup>
			<ondown>20</ondown>
			<itemlayout width="900" height="68">
				<control type="label">
					<left>16</left>
					<top>16</top>
					<width>630</width>
					<height>36</height>
					<font>ctouch23</font>
					<selectedcolor>listselected-text</selectedcolor>
					<label>$INFO[ListItem.Label]</label>
					<textoffsetx>9</textoffsetx>
				</control>
				<control type="label">
					<left>616</left>
					<top>16</top>
					<width>267</width>
					<height>36</height>
					<font>ctouch23</font>
					<align>right</align>
					<selectedcolor>listselected-text</selectedcolor>
					<label>$INFO[ListItem.Label2]</label>
				</control>
			</itemlayout>
			<focusedlayout width="900" height="68">
				<control type="image">
					<left>0</left>
					<top>0</top>
					<width>900</width>
					<height>68</height>
					<texture border="9" colordiffuse="orange">button-default.png</texture>
					<visible>Control.HasFocus(20)</visible>
				</control>
				<control type="label">
					<left>16</left>
					<top>16</top>
					<width>630</width>
					<height>36</height>
					<font>ctouch23</font>
					<include condition="Skin.HasSetting(text-autoscroll)">scrolltext</include>
					<label>$INFO[ListItem.Label]</label>
					<textoffsetx>9</textoffsetx>
				</control>
				<control type="label">
					<left>616</left>
					<top>16</top>
					<width>267</width>
					<height>36</height>
					<font>ctouch23</font>
					<align>right</align>
					<selectedcolor>listselected-text</selectedcolor>
					<label>$INFO[ListItem.Label2]</label>
				</control>
			</focusedlayout>
		</control>
		<control type="list" id="21">
			<left>990</left>
			<top>207</top>
			<width>900</width>
			<height>748</height>
			<onleft>20</onleft>
			<onright>20</onright>
			<onup>21</onup>
			<ondown>21</ondown>
			<itemlayout width="900" height="68">
				<control type="label">
					<left>34</left>
					<top>16</top>
					<width>630</width>
					<height>36</height>
					<font>ctouch23</font>
					<selectedcolor>listselected-text</selectedcolor>
					<label>$INFO[ListItem.Label]</label>
					<textoffsetx>9</textoffsetx>
				</control>
				<control type="label">
					<left>616</left>
					<top>16</top>
					<width>267</width>
					<height>36</height>
					<font>ctouch23</font>
					<align>right</align>
					<selectedcolor>listselected-text</selectedcolor>
					<label>$INFO[ListItem.Label2]</label>
				</control>
			</itemlayout>
			<focusedlayout width="900" height="68">
				<control type="image">
					<left>0</left>
					<top>0</top>
					<width>900</width>
					<height>68</height>
					<texture border="9" colordiffuse="orange">button-default.png</texture>
					<visible>Control.HasFocus(21)</visible>
				</control>
				<control type="label">
					<left>34</left>
					<top>16</top>
					<width>630</width>
					<height>36</height>
					<font>ctouch23</font>
					<include condition="Skin.HasSetting(text-autoscroll)">scrolltext</include>
					<label>$INFO[ListItem.Label]</label>
					<textoffsetx>9</textoffsetx>
				</control>
				<control type="label">
					<left>616</left>
					<top>16</top>
					<width>267</width>
					<height>36</height>
					<font>ctouch23</font>
					<align>right</align>
					<label>$INFO[ListItem.Label2]</label>
				</control>
			</focusedlayout>
		</control>
		<control type="fadelabel" id="101">
			<!-- Current directory left -->
			<left>57</left>
			<top>150</top>
			<width>900</width>
			<height>36</height>
			<font>ctouch23</font>
		</control>
		<control type="fadelabel" id="102">
			<!-- Current directory right -->
			<left>1032</left>
			<top>150</top>
			<width>900</width>
			<height>36</height>
			<font>ctouch23</font>
		</control>
		<control type="label" id="12">
			<!-- Number of files left list -->
			<left>57</left>
			<top>975</top>
			<width>900</width>
			<height>36</height>
			<font>ctouch20</font>
		</control>
		<control type="label" id="13">
			<!-- Number of files right list -->
			<left>1032</left>
			<top>975</top>
			<width>900</width>
			<height>36</height>
			<font>ctouch20</font>
		</control>
		<include>touch-controls</include>
		<include>touch-controlsl</include>
		<include>hora</include>		
	</controls>
</window>