<?xml version="1.0" encoding="utf-8"?>
<includes>
	<include name="STVAHomeMenu">
		<include>background</include>
		<control type="panel" id="89993">		
			<include>touch-controls</include>
			<include>hora</include>
		</control>
		<!-- Markers for excess menu items -->
		<include content="page-offscreen-vertical">
			<param name="indicator1left" value="945"/>
			<param name="indicator1top" value="180"/>
			<param name="indicator2left" value="945"/>
			<param name="indicator2top" value="1050"/>
			<param name="indicatorsize" value="32"/>
			<param name="indicatorcontainer" value="7000"/>
		</include>	
		<control type="panel" id="9000">
			<!-- Home menu icon panel -->
			<top>115</top>
			<left>10</left>
			<width>1920</width>
			<height>985</height>
			<onup>Control.SetFocus(80001,$INFO[Container(9000).Position])</onup>
			<itemlayout height="240" width="378">
				<control type="image">
					<left>39</left>
					<top>15</top>
					<width>310</width>
					<height>205</height>
					<aspectratio>stretch</aspectratio>
					<texture>button-menu-background-t.png</texture>
					<bordersize>3</bordersize>										
				</control>
				<control type="image">
					<left>126</left>
					<top>30</top>
					<width>140</width>
					<height>125</height>
					<aspectratio>keep</aspectratio>
					<texture>$INFO[ListItem.Art(thumb)]</texture>
				</control>
				<control type="image">
					<left>44</left>
					<bottom>30</bottom>
					<width>300</width>
					<height>40</height>
					<aspectratio>scale</aspectratio>
					<texture>background-iconshelfbackdrop.png</texture>
				</control>				
				<control type="label">
					<left>39</left>
					<bottom>35</bottom>
					<width>310</width>
					<height>30</height>
					<textwidth>305</textwidth>										
					<align>center</align>
					<label>$INFO[ListItem.Label2]</label>
					<font>stouch20w</font>
				</control>																						
			</itemlayout>
			<focusedlayout height="240" width="378">
				<control type="image">
					<left>39</left>
					<top>15</top>
					<width>310</width>
					<height>205</height>
					<aspectratio>stretch</aspectratio>
					<texture>button-menu-background-t.png</texture>
					<bordertexture border="3">homeiconliteorange.png</bordertexture>
					<bordersize>3</bordersize>										
				</control>
				<control type="image">
					<left>126</left>
					<top>30</top>
					<width>140</width>
					<height>125</height>
					<aspectratio>keep</aspectratio>
					<texture colordiffuse="orange">$INFO[ListItem.Art(thumb)]</texture>
				</control>	
				<control type="image">
					<left>45</left>
					<bottom>30</bottom>
					<width>298</width>
					<height>40</height>
					<aspectratio>scale</aspectratio>
					<texture colordiffuse="orange">background-iconshelfbackdrop.png</texture>
				</control>				
				<control type="label">
					<left>39</left>
					<bottom>35</bottom>
					<width>310</width>
					<height>30</height>
					<textwidth>305</textwidth>										
					<align>center</align>
					<label>$INFO[ListItem.Label2]</label>
					<font>stouch20w</font>
				</control>																						
			</focusedlayout>
			<content>
				<item>
					<thumb>special://skin/extras/homeicons/tags.png</thumb>
					<label2>Películas Títulos</label2>
					<onclick condition=""></onclick>															
					<onclick>ActivateWindow(10025,&quot;library://video/movies/titles.xml/&quot;,return)</onclick>
				</item>								
				<item>
					<thumb>special://skin/extras/homeicons/cinema.png</thumb>
					<label2>Pelis por Sagas</label2>
					<onclick condition=""></onclick>															
					<onclick>ActivateWindow(10025,&quot;library://video/movies/sets.xml/&quot;,return)</onclick>
				</item>	
				<item>
					<thumb>special://skin/extras/homeicons/genre.png</thumb>
					<label2>Géneros de Películas</label2>
					<onclick condition=""></onclick>															
					<onclick>ActivateWindow(10025,&quot;library://video/movies/genres.xml/&quot;,return)</onclick>
				</item>
				<item>
					<thumb>special://skin/extras/homeicons/productorasstva.png</thumb>
					<label2>Productoras de Pelis</label2>
					<onclick condition=""></onclick>															
					<onclick>ActivateWindow(10025,&quot;library://video/movies/studios.xml/&quot;,return)</onclick>
				</item>
				<item>
					<thumb>special://skin/extras/homeicons/fecha.png</thumb>
					<label2>Películas por Calidad</label2>
					<onclick condition=""></onclick>															
					<onclick>ActivateWindow(10025,&quot;special://home/userdata/addon_data/plugin.googledrive/PELIS/&quot;,return)</onclick>
				</item>
				<item>
					<thumb>special://skin/extras/homeicons/hot.png</thumb>
					<label2>Series Títulos</label2>
					<onclick condition=""></onclick>															
					<onclick>ActivateWindow(10025,&quot;library://video/tvshows/titles.xml/&quot;,return)</onclick>
				</item>					
				<item>
					<thumb>special://skin/extras/homeicons/emision.png</thumb>
					<label2>Series Recientementes</label2>
					<onclick condition=""></onclick>															
					<onclick>ActivateWindow(10025,&quot;library://video/tvshows/recentlyaddedepisodes.xml/&quot;,return)</onclick>
				</item>					
				<item>
					<thumb>special://skin/extras/homeicons/genres.png</thumb>
					<label2>Géneros de Series</label2>
					<onclick condition=""></onclick>															
					<onclick>ActivateWindow(10025,&quot;library://video/tvshows/genres.xml/&quot;,return)</onclick>
				</item>															
				<item>
					<thumb>special://skin/extras/homeicons/filemanager.png</thumb>
					<label2>Productoras Series</label2>																				
					<onclick>ActivateWindow(10025,&quot;library://video/tvshows/studios.xml/&quot;,return)</onclick>
				</item>	
				<item>
					<thumb>special://skin/extras/homeicons/fechaseries.png</thumb>
					<label2>Series por Calidad</label2>
																				
					<onclick>ActivateWindow(10025,&quot;special://home/userdata/addon_data/plugin.googledrive/SERIES/&quot;,return)</onclick>
				</item>
				<item>
					<thumb>special://skin/extras/homeicons/cristalazul.png</thumb>
					<label2>Televisión Cristal</label2>
					<onclick condition="!System.HasAddon(plugin.video.cristalazul)">InstallAddon(plugin.video.cristalazul)</onclick>															
					<onclick>ActivateWindow(videos,&quot;plugin://plugin.video.cristalazul/?fanart=https%3a%2f%2fi.imgur.com%2fbg6n3AV.png&amp;mode=1&amp;name=%5bCOLOR%20white%5dTV%20PREMIUM%5b%2fCOLOR%5d&amp;regexs=%7b%27distancia%27%3a%20%7b%27name%27%3a%20%27distancia%27%2c%20%27expres%27%3a%20%27%23%24pyFunction%5cnimport%20re%2crequests%2cbase64%2cshutil%2crandom%5cnfrom%20kodi_six%20import%20xbmc%2cxbmcgui%2cxbmcaddon%2cxbmcvfs%5cnfrom%20six.moves%20import%20urllib_request%5cnimport%20six%5cnTRANSLATEPATH%20%3d%20xbmc.translatePath%20if%20six.PY2%20else%20xbmcvfs.translatePath%5cndef%20GetLSProData(page_data%2cCookie_Jar%2cm)%3a%5cn%20%20%20%20%20%20pasta%20%3d%20requests.get(%5c%27http%3a%2f%2fbit.ly%2fcristal_menus_distancia%5c%27%2c%20headers%3d%7b%5c%27User-Agent%5c%27%3a%20%5c%27Mozilla%2f5.0%5c%27%7d).text%5cn%20%20%20%20%20%20pasta%20%3d%20six.ensure_str(pasta)%5cn%20%20%20%20%20%20return%20re.findall(%5c%27%3d%22(.%2a%3f)%22%5c%27%2c%20pasta)%5b1%5d%5cn%27%2c%20%27page%27%3a%20None%2c%20%27cookiejar%27%3a%20%27%27%7d%7d&amp;url=%24doregex%5bdistancia%5d&quot;,return)</onclick>
				</item>
				<item>
					<thumb>special://skin/extras/homeicons/tvpremium.png</thumb>
					<label2>TV VaVoo</label2>
					<onclick condition=""></onclick>															
					<onclick>ActivateWindow(10025,&quot;plugin://plugin.video.stubevavoo/?action&amp;group=Spain&quot;,return)</onclick>
				</item>				
				<item>
					<thumb>special://skin/extras/homeicons/iptv.png</thumb>
					<label2>IPTV</label2>															
					<onclick>ActivateWindow(TVChannels)</onclick>
				</item>
				<item>
					<thumb>special://skin/extras/homeicons/tvalacarta.png</thumb>
					<label2>TV a la Carta</label2>
					<onclick condition="!System.HasAddon(plugin.video.moestv)">InstallAddon(plugin.video.moestv)</onclick>															
					<onclick>ActivateWindow(10025,plugin://plugin.video.moestv/,return)</onclick>
				</item>	
				<item>
					<thumb>special://skin/extras/homeicons/mseries.png</thumb>
					<label2>Alfa</label2>
					<onclick condition="!System.HasAddon(plugin.video.alfa)">InstallAddon(plugin.video.alfa)</onclick>															
					<onclick>ActivateWindow(10025,&quot;plugin://plugin.video.alfa/&quot;,return)</onclick>
				</item>
				<item>
					<thumb>special://skin/extras/homeicons/winner.png</thumb>
					<label2>Winner</label2>
					<onclick condition="!System.HasAddon(plugin.video.winner)">InstallAddon(plugin.video.winner)</onclick>										
					<onclick>ActivateWindow(Videos,"plugin://plugin.video.winner",return)</onclick>
				</item>
				<item>
					<thumb>special://skin/extras/homeicons/directosstva.png</thumb>
					<label2>Cambiar Portal</label2>
					
					<onclick>ActivateWindow(10040,"addons://user/kodi.pvrclient",return)</onclick>
				</item>
				<item>
					<thumb>special://skin/extras/homeicons/futbol.png</thumb>
					<label2>Fútbol</label2>
					<onclick condition="!System.HasAddon(plugin.video.winner)">InstallAddon(plugin.video.winner)</onclick>
					<onclick>ActivateWindow(Videos,&quot;plugin://plugin.video.winner/?c1JaZUhKRDlUMjliZktKMHpUVXpNS01sbTNEMEZCMVRJUFVjTkhrWERSV1RLUD09&quot;,return)</onclick>
				</item>					
				<item>
					<thumb>special://skin/extras/homeicons/repeticiones.png</thumb>
					<label2>Repeticiones</label2>
					<onclick condition="!System.HasAddon(plugin.video.cristalazul)">InstallAddon(plugin.video.cristalazul)</onclick>
					<onclick>ActivateWindow(Videos,&quot;plugin://plugin.video.cristalazul/?fanart=https%3a%2f%2fi.imgur.com%2f932XIJt.jpg&amp;mode=1&amp;name=%5bCOLOR%20gold%5d%2a%20%5bCOLOR%20lightgreen%5dRepeticiones%20%5bCOLOR%20white%5dDeportivas%5b%2fCOLOR%5d%20&amp;url=https%3a%2f%2fpastebin.com%2fraw%2fdNkEPZ4J&quot;,return)</onclick>
				</item>					
				<item>
					<thumb>special://skin/extras/homeicons/mpelis.png</thumb>
					<label2>Balandro</label2>
					<onclick condition="!System.HasAddon(plugin.video.balandro)">InstallAddon(plugin.video.balandro)</onclick>
					<onclick>ActivateWindow(10025,&quot;plugin://plugin.video.balandro/&quot;,return)</onclick>
				</item>	
				<item>
					<label2>$INFO[Skin.String(CustomMovies.1.Label)]</label2>				
					<thumb>$INFO[Skin.String(CustomMovies.1.Icon)]</thumb>
					<label>$INFO[Skin.String(CustomMovies.1.List)]</label>
					<onclick>$INFO[Skin.String(CustomMovies.1.Path)]</onclick>
					<visible>!String.IsEmpty(Skin.String(CustomMovies.1.Path))</visible>
				</item>
				<item>
					<label2>$INFO[Skin.String(CustomMovies.2.Label)]</label2>				
					<thumb>$INFO[Skin.String(CustomMovies.2.Icon)]</thumb>
					<label>$INFO[Skin.String(CustomMovies.2.List)]</label>
					<onclick>$INFO[Skin.String(CustomMovies.2.Path)]</onclick>
					<visible>!String.IsEmpty(Skin.String(CustomMovies.2.Path))</visible>
				</item>
				<item>
					<thumb>$INFO[Skin.String(CustomMovies.3.Icon)]</thumb>
					<label>$INFO[Skin.String(CustomMovies.3.List)]</label>
					<label2>$INFO[Skin.String(CustomMovies.3.Label)]</label2>
					<onclick>$INFO[Skin.String(CustomMovies.3.Path)]</onclick>
					<visible>!String.IsEmpty(Skin.String(CustomMovies.3.Path))</visible>
				</item>
				<item>
					<thumb>$INFO[Skin.String(CustomMovies.4.Icon)]</thumb>
					<label>$INFO[Skin.String(CustomMovies.4.List)]</label>
					<label2>$INFO[Skin.String(CustomMovies.4.Label)]</label2>
					<onclick>$INFO[Skin.String(CustomMovies.4.Path)]</onclick>
					<visible>!String.IsEmpty(Skin.String(CustomMovies.4.Path))</visible>
				</item>
				<item>
					<thumb>$INFO[Skin.String(CustomMovies.5.Icon)]</thumb>
					<label>$INFO[Skin.String(CustomMovies.5.List)]</label>
					<label2>$INFO[Skin.String(CustomMovies.5.Label)]</label2>
					<onclick>$INFO[Skin.String(CustomMovies.5.Path)]</onclick>
					<visible>!String.IsEmpty(Skin.String(CustomMovies.5.Path))</visible>
				</item>
				<item>
					<thumb>$INFO[Skin.String(CustomTVShow.1.Icon)]</thumb>
					<label>$INFO[Skin.String(CustomTVShow.1.List)]</label>
					<label2>$INFO[Skin.String(CustomTVShow.1.Label)]</label2>
					<onclick>$INFO[Skin.String(CustomTVShow.1.Path)]</onclick>
					<visible>!String.IsEmpty(Skin.String(CustomTVShow.1.Path))</visible>
				</item>
				<item>
					<thumb>$INFO[Skin.String(CustomTVShow.2.Icon)]</thumb>
					<label>$INFO[Skin.String(CustomTVShow.2.List)]</label>
					<label2>$INFO[Skin.String(CustomTVShow.2.Label)]</label2>
					<onclick>$INFO[Skin.String(CustomTVShow.2.Path)]</onclick>
					<visible>!String.IsEmpty(Skin.String(CustomTVShow.2.Path))</visible>
				</item>
				<item>
					<thumb>$INFO[Skin.String(CustomTVShow.3.Icon)]</thumb>
					<label>$INFO[Skin.String(CustomTVShow.3.List)]</label>
					<label2>$INFO[Skin.String(CustomTVShow.3.Label)]</label2>
					<onclick>$INFO[Skin.String(CustomTVShow.3.Path)]</onclick>
					<visible>!String.IsEmpty(Skin.String(CustomTVShow.3.Path))</visible>
				</item>
				<item>
					<thumb>$INFO[Skin.String(CustomTVShow.4.Icon)]</thumb>
					<label>$INFO[Skin.String(CustomTVShow.4.List)]</label>
					<label2>$INFO[Skin.String(CustomTVShow.4.Label)]</label2>
					<onclick>$INFO[Skin.String(CustomTVShow.4.Path)]</onclick>
					<visible>!String.IsEmpty(Skin.String(CustomTVShow.4.Path))</visible>
				</item>
				<item>
					<thumb>$INFO[Skin.String(CustomTVShow.5.Icon)]</thumb>
					<label>$INFO[Skin.String(CustomTVShow.5.List)]</label>
					<label2>$INFO[Skin.String(CustomTVShow.5.Label)]</label2>
					<onclick>$INFO[Skin.String(CustomTVShow.5.Path)]</onclick>
					<visible>!String.IsEmpty(Skin.String(CustomTVShow.5.Path))</visible>
				</item>
				<item>
					<thumb>$INFO[Skin.String(CustomTV.1.Icon)]</thumb>
					<label>$INFO[Skin.String(CustomTV.1.List)]</label>
					<label2>$INFO[Skin.String(CustomTV.1.Label)]</label2>
					<onclick>$INFO[Skin.String(CustomTV.1.Path)]</onclick>
					<visible>!String.IsEmpty(Skin.String(CustomTV.1.Path))</visible>
				</item>
				<item>
					<thumb>$INFO[Skin.String(CustomTV.2.Icon)]</thumb>
					<label>$INFO[Skin.String(CustomTV.2.List)]</label>
					<label2>$INFO[Skin.String(CustomTV.2.Label)]</label2>
					<onclick>$INFO[Skin.String(CustomTV.2.Path)]</onclick>
					<visible>!String.IsEmpty(Skin.String(CustomTV.2.Path))</visible>
				</item>
				<item>
					<thumb>$INFO[Skin.String(CustomTV.3.Icon)]</thumb>
					<label>$INFO[Skin.String(CustomTV.3.List)]</label>
					<label2>$INFO[Skin.String(CustomTV.3.Label)]</label2>
					<onclick>$INFO[Skin.String(CustomTV.3.Path)]</onclick>
					<visible>!String.IsEmpty(Skin.String(CustomTV.3.Path))</visible>
				</item>
				<item>
					<thumb>$INFO[Skin.String(CustomTV.4.Icon)]</thumb>
					<label>$INFO[Skin.String(CustomTV.4.List)]</label>
					<label2>$INFO[Skin.String(CustomTV.4.Label)]</label2>
					<onclick>$INFO[Skin.String(CustomTV.4.Path)]</onclick>
					<visible>!String.IsEmpty(Skin.String(CustomTV.4.Path))</visible>
				</item>
				<item>
					<thumb>$INFO[Skin.String(CustomTV.5.Icon)]</thumb>
					<label>$INFO[Skin.String(CustomTV.5.List)]</label>
					<label2>$INFO[Skin.String(CustomTV.5.Label)]</label2>
					<onclick>$INFO[Skin.String(CustomTV.5.Path)]</onclick>
					<visible>!String.IsEmpty(Skin.String(CustomTV.5.Path))</visible>
				</item>
				<item>
					<thumb>$INFO[Skin.String(CustomRadio.1.Icon)]</thumb>
					<label>$INFO[Skin.String(CustomRadio.1.List)]</label>
					<label2>$INFO[Skin.String(CustomRadio.1.Label)]</label2>
					<onclick>$INFO[Skin.String(CustomRadio.1.Path)]</onclick>
					<visible>!String.IsEmpty(Skin.String(CustomRadio.1.Path))</visible>
				</item>
				<item>
					<thumb>$INFO[Skin.String(CustomRadio.2.Icon)]</thumb>
					<label>$INFO[Skin.String(CustomRadio.2.List)]</label>
					<label2>$INFO[Skin.String(CustomRadio.2.Label)]</label2>
					<onclick>$INFO[Skin.String(CustomRadio.2.Path)]</onclick>
					<visible>!String.IsEmpty(Skin.String(CustomRadio.2.Path))</visible>
				</item>
				<item>
					<thumb>$INFO[Skin.String(CustomRadio.3.Icon)]</thumb>
					<label>$INFO[Skin.String(CustomRadio.3.List)]</label>
					<label2>$INFO[Skin.String(CustomRadio.3.Label)]</label2>
					<onclick>$INFO[Skin.String(CustomRadio.3.Path)]</onclick>
					<visible>!String.IsEmpty(Skin.String(CustomRadio.3.Path))</visible>
				</item>
				<item>
					<thumb>$INFO[Skin.String(CustomRadio.4.Icon)]</thumb>
					<label>$INFO[Skin.String(CustomRadio.4.List)]</label>
					<label2>$INFO[Skin.String(CustomRadio.4.Label)]</label2>
					<onclick>$INFO[Skin.String(CustomRadio.4.Path)]</onclick>
					<visible>!String.IsEmpty(Skin.String(CustomRadio.4.Path))</visible>
				</item>
				<item>
					<thumb>$INFO[Skin.String(CustomRadio.5.Icon)]</thumb>
					<label>$INFO[Skin.String(CustomRadio.5.List)]</label>
					<label2>$INFO[Skin.String(CustomRadio.5.Label)]</label2>
					<onclick>$INFO[Skin.String(CustomRadio.5.Path)]</onclick>
					<visible>!String.IsEmpty(Skin.String(CustomRadio.5.Path))</visible>
				</item>
				<item>
					<thumb>$INFO[Skin.String(CustomFav.1.Icon)]</thumb>
					<label>$INFO[Skin.String(CustomFav.1.List)]</label>
					<label2>$INFO[Skin.String(CustomFav.1.Label)]</label2>
					<onclick>$INFO[Skin.String(CustomFav.1.Path)]</onclick>
					<visible>!String.IsEmpty(Skin.String(CustomFav.1.Path))</visible>
				</item>
				<item>
					<thumb>$INFO[Skin.String(CustomFav.2.Icon)]</thumb>
					<label>$INFO[Skin.String(CustomFav.2.List)]</label>
					<label2>$INFO[Skin.String(CustomFav.2.Label)]</label2>
					<onclick>$INFO[Skin.String(CustomFav.2.Path)]</onclick>
					<visible>!String.IsEmpty(Skin.String(CustomFav.2.Path))</visible>
				</item>
				<item>
					<thumb>$INFO[Skin.String(CustomFav.3.Icon)]</thumb>
					<label>$INFO[Skin.String(CustomFav.3.List)]</label>
					<label2>$INFO[Skin.String(CustomFav.3.Label)]</label2>
					<onclick>$INFO[Skin.String(CustomFav.3.Path)]</onclick>
					<visible>!String.IsEmpty(Skin.String(CustomFav.3.Path))</visible>
				</item>
				<item>
					<thumb>$INFO[Skin.String(CustomFav.4.Icon)]</thumb>
					<label>$INFO[Skin.String(CustomFav.4.List)]</label>
					<label2>$INFO[Skin.String(CustomFav.4.Label)]</label2>
					<onclick>$INFO[Skin.String(CustomFav.4.Path)]</onclick>
					<visible>!String.IsEmpty(Skin.String(CustomFav.4.Path))</visible>
				</item>
				<item>
					<thumb>$INFO[Skin.String(CustomFav.5.Icon)]</thumb>
					<label>$INFO[Skin.String(CustomFav.5.List)]</label>
					<label2>$INFO[Skin.String(CustomFav.5.Label)]</label2>
					<onclick>$INFO[Skin.String(CustomFav.5.Path)]</onclick>
					<visible>!String.IsEmpty(Skin.String(CustomFav.5.Path))</visible>
				</item>
				<item>
					<thumb>$INFO[Skin.String(CustomMusic.1.Icon)]</thumb>
					<label>$INFO[Skin.String(CustomMusic.1.List)]</label>
					<label2>$INFO[Skin.String(CustomMusic.1.Label)]</label2>
					<onclick>$INFO[Skin.String(CustomMusic.1.Path)]</onclick>
					<visible>!String.IsEmpty(Skin.String(CustomMusic.1.Path))</visible>
				</item>
				<item>
					<thumb>$INFO[Skin.String(CustomMusic.2.Icon)]</thumb>
					<label>$INFO[Skin.String(CustomMusic.2.List)]</label>
					<label2>$INFO[Skin.String(CustomMusic.2.Label)]</label2>
					<onclick>$INFO[Skin.String(CustomMusic.2.Path)]</onclick>
					<visible>!String.IsEmpty(Skin.String(CustomMusic.2.Path))</visible>
				</item>
				<item>
					<thumb>$INFO[Skin.String(CustomMusic.3.Icon)]</thumb>
					<label>$INFO[Skin.String(CustomMusic.3.List)]</label>
					<label2>$INFO[Skin.String(CustomMusic.3.Label)]</label2>
					<onclick>$INFO[Skin.String(CustomMusic.3.Path)]</onclick>
					<visible>!String.IsEmpty(Skin.String(CustomMusic.3.Path))</visible>
				</item>
				<item>
					<thumb>$INFO[Skin.String(CustomMusic.4.Icon)]</thumb>
					<label>$INFO[Skin.String(CustomMusic.4.List)]</label>
					<label2>$INFO[Skin.String(CustomMusic.4.Label)]</label2>
					<onclick>$INFO[Skin.String(CustomMusic.4.Path)]</onclick>
					<visible>!String.IsEmpty(Skin.String(CustomMusic.4.Path))</visible>
				</item>
				<item>
					<thumb>$INFO[Skin.String(CustomMusic.5.Icon)]</thumb>
					<label>$INFO[Skin.String(CustomMusic.5.List)]</label>
					<label2>$INFO[Skin.String(CustomMusic.5.Label)]</label2>
					<onclick>$INFO[Skin.String(CustomMusic.5.Path)]</onclick>
					<visible>!String.IsEmpty(Skin.String(CustomMusic.5.Path))</visible>
				</item>
				<item>
					<thumb>$INFO[Skin.String(CustomAddon.1.Icon)]</thumb>
					<label>$INFO[Skin.String(CustomAddon.1.List)]</label>
					<label2>$INFO[Skin.String(CustomAddon.1.Label)]</label2>
					<onclick>$INFO[Skin.String(CustomAddon.1.Path)]</onclick>
					<visible>!String.IsEmpty(Skin.String(CustomAddon.1.Path))</visible>
				</item>
				<item>
					<thumb>$INFO[Skin.String(CustomAddon.2.Icon)]</thumb>
					<label>$INFO[Skin.String(CustomAddon.2.List)]</label>
					<label2>$INFO[Skin.String(CustomAddon.2.Label)]</label2>
					<onclick>$INFO[Skin.String(CustomAddon.2.Path)]</onclick>
					<visible>!String.IsEmpty(Skin.String(CustomAddon.2.Path))</visible>
				</item>
				<item>
					<thumb>$INFO[Skin.String(CustomAddon.3.Icon)]</thumb>
					<label>$INFO[Skin.String(CustomAddon.3.List)]</label>
					<label2>$INFO[Skin.String(CustomAddon.3.Label)]</label2>
					<onclick>$INFO[Skin.String(CustomAddon.3.Path)]</onclick>
					<visible>!String.IsEmpty(Skin.String(CustomAddon.3.Path))</visible>
				</item>
				<item>
					<thumb>$INFO[Skin.String(CustomAddon.4.Icon)]</thumb>
					<label>$INFO[Skin.String(CustomAddon.4.List)]</label>
					<label2>$INFO[Skin.String(CustomAddon.4.Label)]</label2>
					<onclick>$INFO[Skin.String(CustomAddon.4.Path)]</onclick>
					<visible>!String.IsEmpty(Skin.String(CustomAddon.4.Path))</visible>
				</item>
				<item>
					<thumb>$INFO[Skin.String(CustomAddon.5.Icon)]</thumb>
					<label>$INFO[Skin.String(CustomAddon.5.List)]</label>
					<label2>$INFO[Skin.String(CustomAddon.5.Label)]</label2>
					<onclick>$INFO[Skin.String(CustomAddon.5.Path)]</onclick>
					<visible>!String.IsEmpty(Skin.String(CustomAddon.5.Path))</visible>
				</item>
				<item>
					<thumb>$INFO[Skin.String(CustomGame.1.Icon)]</thumb>
					<label>$INFO[Skin.String(CustomGame.1.List)]</label>
					<label2>$INFO[Skin.String(CustomGame.1.Label)]</label2>
					<onclick>$INFO[Skin.String(CustomGame.1.Path)]</onclick>
					<visible>!String.IsEmpty(Skin.String(CustomGame.1.Path))</visible>
				</item>
				<item>
					<thumb>$INFO[Skin.String(CustomGame.2.Icon)]</thumb>
					<label>$INFO[Skin.String(CustomGame.2.List)]</label>
					<label2>$INFO[Skin.String(CustomGame.2.Label)]</label2>
					<onclick>$INFO[Skin.String(CustomGame.2.Path)]</onclick>
					<visible>!String.IsEmpty(Skin.String(CustomGame.2.Path))</visible>
				</item>
				<item>
					<thumb>$INFO[Skin.String(CustomGame.3.Icon)]</thumb>
					<label>$INFO[Skin.String(CustomGame.3.List)]</label>
					<label2>$INFO[Skin.String(CustomGame.3.Label)]</label2>
					<onclick>$INFO[Skin.String(CustomGame.3.Path)]</onclick>
					<visible>!String.IsEmpty(Skin.String(CustomGame.3.Path))</visible>
				</item>
				<item>
					<thumb>$INFO[Skin.String(CustomGame.4.Icon)]</thumb>
					<label>$INFO[Skin.String(CustomGame.4.List)]</label>
					<label2>$INFO[Skin.String(CustomGame.4.Label)]</label2>
					<onclick>$INFO[Skin.String(CustomGame.4.Path)]</onclick>
					<visible>!String.IsEmpty(Skin.String(CustomGame.4.Path))</visible>
				</item>
				<item>
					<thumb>$INFO[Skin.String(CustomGame.5.Icon)]</thumb>
					<label>$INFO[Skin.String(CustomGame.5.List)]</label>
					<label2>$INFO[Skin.String(CustomGame.5.Label)]</label2>
					<onclick>$INFO[Skin.String(CustomGame.5.Path)]</onclick>
					<visible>!String.IsEmpty(Skin.String(CustomGame.5.Path))</visible>
				</item>
			</content>
		</control>
	</include>
</includes>