<addon name='Elementum Service Repository' id='repository.service.elementum' provider-name='elgatito' version='0.1.860040'><extension name='Elementum Service Repository' point='xbmc.addon.repository'><checksum>https://StefanIlchev.github.io/ElementumService/plugin.video.elementum/addons.xml.md5</checksum><datadir zip='true'>https://StefanIlchev.github.io/ElementumService/</datadir><info compressed='false'>https://StefanIlchev.github.io/ElementumService/plugin.video.elementum/addons.xml</info></extension><extension point='xbmc.addon.metadata'><platform>all</platform><summary lang='en'>GitHub repository for Elementum Service updates</summary></extension><requires></requires></addon>