<?xml version="1.0" encoding="UTF-8" standalone="yes"?>
<addon id="service.tv"
       name="Remote Service"
       version="19.0.3a"
       provider-name="">
  <requires>
    <import addon="xbmc.python" version="3.0.0"/>
	<import addon="script.module.requests" version="2.22.0"/>
  </requires>
  <extension point="xbmc.service" library="config.py" />
  <extension point="xbmc.addon.metadata">
    <platform>all</platform>
    <summary lang="en"></summary>
	<description lang="en_GB"></description>
  </extension>
  <extension point="xbmc.addon.metadata">
  <summary lang="en"></summary>
  <assets>
    <icon>icon.png</icon>  
  </assets>
</extension>
</addon>
