<?xml version="1.0" encoding="UTF-8"?>
<includes>
	<include name="Fanart Case Wrap">
		<control type="group">
			<visible>Control.IsVisible(543)</visible>
			<control type="image">
				<left>-10</left>
				<top>610</top>
				<width>1310</width>
				<height>120</height>
				<aspectratio>stretch</aspectratio>
				<texture background="true">ContentPanel.png</texture>
			</control>
			<control type="group">
				<visible>!Container(543).OnNext + !Container(543).OnPrevious</visible>
				<animation effect="fade" time="200">WindowClose</animation> 	
				<animation effect="fade" start="0" end="100" time="1000" delay="2000">WindowOpen</animation> 	
				<animation effect="fade" start="0" end="100" time="1000" delay="2000">Visible</animation>
				<control type="image">
					<left>0</left> 	
					<top>-30</top> 	
					<height>760</height> 	
					<width>1380</width>
					<texture>Black-Back.png</texture>
					<visible>!Container.Content(MusicVideos)</visible>
				</control>
			</control>
			<control type="wraplist" id="543">
				<camera x="640" y="360" /> 	
				<viewtype label="Fanart Case Wrap">bigwrap</viewtype> 	
				<visible>Container.Content(movies) | Container.Content(Musicvideos)</visible> 	
				<animation effect="fade" time="200">WindowClose</animation> 	
				<left>-256</left> 	
				<top>375</top> 	
				<width>1536</width> 	
				<height>345</height> 	
				<scrolltime>200</scrolltime> 	
				<focusposition>3</focusposition> 	
				<orientation>horizontal</orientation> 	
				<onleft>543</onleft> 	
				<onright>543</onright> 	
				<onup>2</onup> 	
				<ondown>73</ondown> 	
				<preloaditems>5</preloaditems> 	
				<pagecontrol>73</pagecontrol> 	
				<itemlayout height="375" width="246"> 	
					<control type="image">
                        <left>46</left> 	
						<top>24</top> 	
						<width>158</width> 	
						<height>235</height> 	
                        <texture background="true" diffuse="postermatteNF.png">$VAR[PosterThumb]</texture>
                        <fadetime>200</fadetime>
                        <aspectratio scalediffuse="false">stretch</aspectratio>
                    </control>
					<control type="image"> 	
						<left>36</left>	
						<top>0</top> 	
						<width>183</width> 	
						<height>272</height> 	
						<texture>case-tv.png</texture>
                        <visible>!stringcompare(ListItem.Label,..) + !Skin.HasSetting(HideVideoCase) + [Container.Content(tvshows) | Container.Content(seasons)]</visible>
						<aspectratio aligny="bottom">stretch</aspectratio> 	
					</control> 	
					<control type="image"> 	
						<left>36</left>	
						<top>0</top> 	
						<width>183</width> 	
						<height>272</height> 	
						 <texture fallback="case-sets.png">case$INFO[ListItem.VideoResolution].png</texture>
                         <visible>!stringcompare(ListItem.Label,..) + !Skin.HasSetting(HideVideoCase) + !Container.Content(tvshows)</visible> 	
						<aspectratio aligny="bottom">stretch</aspectratio> 	
					</control> 	
					<control type="image"> 	
						<left>173</left> 	
						<top>239</top> 	
						<width>64</width> 	
						<height>45</height> 	
						<info>ListItem.Overlay</info> 	
						<visible>!Skin.HasSetting(menu-overlay)</visible> 	
					</control> 	
				</itemlayout> 	
				<focusedlayout height="375" width="256"> 	
					<control type="image">
                        <left>46</left> 	
						<top>24</top> 	
						<width>158</width> 	
						<height>235</height> 	
                        <texture background="true" diffuse="postermatteNF.png">$VAR[PosterThumb]</texture>
                        <fadetime>200</fadetime>
                        <aspectratio scalediffuse="false">stretch</aspectratio>
						 <animation type="Focus"> 	
							<effect type="zoom" tween="cubic" end="-1.77,-20,250.50,340.17" time="400"/> 
						</animation> 		
                    </control>
					<control type="image"> 	
						<left>36</left>	
						<top>0</top> 	
						<width>183</width> 	
						<height>272</height> 	
						<texture>case-tv.png</texture>
                        <visible>!stringcompare(ListItem.Label,..) + !Skin.HasSetting(HideVideoCase) + [Container.Content(tvshows) | Container.Content(seasons)]</visible>
						<aspectratio aligny="bottom">stretch</aspectratio>
                         <animation type="Focus"> 	
							<effect type="zoom" tween="cubic" end="-1.77,-20,250.50,340.17" time="400"/> 
						</animation> 								
					</control> 	
					<control type="image"> 	
						<left>36</left>	
						<top>0</top> 	
						<width>183</width> 	
						<height>272</height> 	
						 <texture fallback="case-sets.png">case$INFO[ListItem.VideoResolution].png</texture>
                         <visible>!stringcompare(ListItem.Label,..) + !Skin.HasSetting(HideVideoCase) + !Container.Content(tvshows)</visible> 	
						<aspectratio aligny="bottom">stretch</aspectratio> 
                        <animation type="Focus"> 	
							<effect type="zoom" tween="cubic" end="-1.77,-20,250.50,340.17" time="400"/> 
						</animation> 							
					</control> 	
					<control type="image"> 	
						<left>173</left> 	
						<top>239</top> 	
						<width>64</width> 	
						<height>45</height> 	
						<info>ListItem.Overlay</info> 	
						<visible>!Skin.HasSetting(menu-overlay)</visible> 	
					</control>
					
				</focusedlayout> 	
			</control>
			<control type="image">
				<left>-10</left>
				<top>675</top>
				<width>1310</width>
				<height>50</height>
				<aspectratio>stretch</aspectratio>
				<texture background="true">HomeNowPlayingBack.png</texture>
			</control>
			<control type="grouplist">
				<description>Media Codec Flagging Images</description>
				<left>20</left>
				<top>670</top>
				<width>590</width>
				<align>left</align>
				<itemgap>4</itemgap>
				<orientation>horizontal</orientation>
				<include>VideoCodecFlaggingConditions</include>
				<include>AudioCodecFlaggingConditions</include>
				<include>AudioChannelsFlaggingConditions</include>
				<include>AspectCodecFlaggingConditions</include>
				<include>VideoStereoscopicsFlaggingConditions</include>
				<include>VideoTypeHackFlaggingConditions</include>
				<include>VideoMPAAFlaggingConditions</include>
				<include>VideoFSKFlaggingConditions</include>
				<include>VideoBBFCFlaggingConditions</include>
				<include>VideoStudioConditions</include>
			</control>
			<control type="group">
				<visible>!Skin.HasSetting(fullinfo)</visible>
				<visible>!Container(543).OnNext + !Container(543).OnPrevious + Control.IsVisible(543) + !Container.Content(MusicVideos)</visible>
				<animation effect="fade" start="0" end="100" time="1000" delay="2500">Visible</animation>
				<control type="label">
					<left>30</left>
					<top>80</top>
					<width>1220</width>
					<height>35</height>
					<font>font30_title</font>
					<textcolor>white</textcolor>
					<shadowcolor>black</shadowcolor>
					<scroll>true</scroll>
					<align>center</align>
					<aligny>center</aligny>
					<label>$INFO[ListItem.Label]</label>
				</control>
				<control type="label">
					<left>0</left>
					<top>115</top>
					<width>1280</width>
					<height>35</height>
					<font>font30</font>
					<textcolor>white</textcolor>
					<shadowcolor>black</shadowcolor>
					<scroll>true</scroll>
					<align>center</align>
					<aligny>center</aligny>
					<label>$INFO[ListItem.Year]</label>
				</control>
				<control type="image">
					<description>Rating value</description>
					<left>580</left>
					<top>150</top>
					<width>120</width>
					<height>30</height>
					<aspectratio>keep</aspectratio>
					<texture>CenterRating/$INFO[ListItem.StarRating]</texture>
				</control>
				<control type="label">
					<left>0</left>
					<top>185</top>
					<width>1280</width>
					<height>35</height>
					<font>font13caps</font>
					<textcolor>white</textcolor>
					<shadowcolor>black</shadowcolor>
					<scroll>true</scroll>
					<align>center</align>
					<aligny>center</aligny>
					<label>$INFO[ListItem.Duration,$LOCALIZE[2050] , $LOCALIZE[12391]]</label>
				</control>
			</control>
			<control type="group"> 
				<left>0</left> 	
				<top>0</top>
				<visible>Skin.HasSetting(fullinfo)</visible>
				<visible>!Container(543).OnNext + !Container(543).OnPrevious + Control.IsVisible(543) + !Container.Content(MusicVideos)</visible> 
				<animation effect="fade" time="200">WindowClose</animation> 	
				<animation effect="fade" start="0" end="100" time="1000" delay="2500">WindowOpen</animation> 	
				<animation effect="fade" start="0" end="100" time="1000" delay="2500">Visible</animation>
				<control type="label">
					<left>0</left> 	
					<top>80</top> 	
					<height>25</height> 	
					<width>1280</width> 	
					<textcolor>white</textcolor> 	
					<scroll>true</scroll> 	
					<font>font30_title</font>
					<label>$INFO[ListItem.label]</label>			
					<align>center</align> 	
					<aligny>center</aligny> 	
					<scroll>true</scroll> 	
				</control> 
				<control type="label">
					<left>150</left> 	
					<top>130</top> 	
					<height>25</height> 	
					<width>1280</width> 	
					<textcolor>white</textcolor> 	
					<scroll>true</scroll> 	
					<font>font13</font>
					<label>[COLOR=blue] $LOCALIZE[20339]: [/COLOR] $INFO[ListItem.Director]</label>			
					<align>left</align> 	
					<aligny>left</aligny> 	
					<scroll>true</scroll> 	
				</control>
				<control type="label">
					<left>150</left> 	
					<top>170</top> 	
					<height>25</height> 	
					<width>1280</width> 	
					<textcolor>white</textcolor> 	
					<scroll>true</scroll> 	
					<font>font13</font>
					<label>[COLOR=blue] $LOCALIZE[2050]: [/COLOR] $INFO[ListItem.duration] $LOCALIZE[12391]</label>			
					<align>left</align> 	
					<aligny>left</aligny> 	
					<scroll>true</scroll> 	
				</control>
				<control type="label">
					<left>150</left> 	
					<top>210</top> 	
					<height>25</height> 	
					<width>1280</width> 	
					<textcolor>white</textcolor> 	
					<scroll>true</scroll> 	
					<font>font13</font>
					<label>[COLOR=blue] $LOCALIZE[13408]: [/COLOR] $INFO[ListItem.rating]</label>			
					<align>left</align> 	
					<aligny>left</aligny> 	
					<scroll>true</scroll> 	
				</control>
				<control type="label">
					<left>150</left> 	
					<top>250</top> 	
					<height>25</height> 	
					<width>1280</width> 	
					<textcolor>white</textcolor> 	
					<scroll>true</scroll> 	
					<font>font13</font>
					<label>[COLOR=blue] $LOCALIZE[40025]: [/COLOR] $INFO[ListItem.mpaa]</label>			
					<align>left</align> 	
					<aligny>left</aligny> 	
					<scroll>true</scroll> 	
				</control>
				<control type="label">
					<left>150</left> 	
					<top>290</top> 	
					<height>25</height> 	
					<width>480</width> 	
					<textcolor>white</textcolor> 	
					<scroll>false</scroll> 	
					<font>font13</font>
					<label>[COLOR=blue] $LOCALIZE[40026]: [/COLOR] $INFO[ListItem.genre]</label>			
					<align>left</align> 	
					<aligny>left</aligny> 	
					<scroll>true</scroll> 	
				</control>
				<control type="textbox">
					<left>750</left> 	
					<top>125</top> 	
					<height>190</height> 	
					<width>480</width> 	
					<textcolor>white</textcolor> 	
					<autoscroll time="2000" delay="3000" repeat="5000">Skin.HasSetting(AutoScroll)</autoscroll> 	
					<font>font13</font>
					<label>[COLOR=blue] $LOCALIZE[40027]: [/COLOR] $INFO[ListItem.plot]</label>			
					<align>left</align> 	
					<aligny>left</aligny> 	
					<scroll>true</scroll> 	
				</control>
			</control>
		</control>
	</include> 	 
</includes>